,Cluster,Month
0,6,Sep
1,6,Sep
2,1,Sep
3,1,Sep
4,6,Sep
5,1,Sep
6,1,Sep
7,1,Sep
8,2,Sep
9,6,Sep
10,1,Sep
11,6,Sep
12,6,Sep
13,5,Sep
14,1,Sep
15,1,Sep
16,6,Sep
17,1,Sep
18,1,Sep
19,7,Sep
20,5,Sep
21,1,Sep
22,2,Sep
23,6,Sep
24,6,Sep
25,1,Sep
26,6,Sep
27,6,Sep
28,1,Sep
29,1,Sep
30,1,Oct
31,3,Oct
32,5,Oct
33,5,Oct
34,3,Oct
35,3,Oct
36,3,Oct
37,4,Oct
38,3,Oct
39,3,Oct
40,3,Oct
41,3,Oct
42,3,Oct
43,4,Oct
44,7,Oct
45,7,Oct
46,7,Oct
47,7,Oct
48,6,Oct
49,6,Oct
50,6,Oct
51,6,Oct
52,5,Oct
53,3,Oct
54,4,Oct
55,4,Oct
56,4,Oct
57,5,Oct
58,3,Oct
59,7,Oct
60,6,Oct
61,6,Nov
62,5,Nov
63,3,Nov
64,1,Nov
65,7,Nov
66,7,Nov
67,4,Nov
68,5,Nov
69,5,Nov
70,5,Nov
71,5,Nov
72,1,Nov
73,5,Nov
74,3,Nov
75,4,Nov
76,4,Nov
77,4,Nov
78,4,Nov
79,7,Nov
80,7,Nov
81,7,Nov
82,7,Nov
83,5,Nov
84,5,Nov
85,6,Nov
86,5,Nov
87,5,Nov
88,5,Nov
89,3,Nov
90,4,Nov
91,6,Sep
92,6,Sep
93,1,Sep
94,6,Sep
95,6,Sep
96,1,Sep
97,1,Sep
98,1,Sep
99,6,Sep
100,1,Sep
101,1,Sep
102,1,Sep
103,6,Sep
104,1,Sep
105,1,Sep
106,6,Sep
107,5,Sep
108,1,Sep
109,6,Sep
110,6,Sep
111,6,Sep
112,1,Sep
113,1,Sep
114,1,Sep
115,6,Sep
116,1,Sep
117,1,Sep
118,7,Sep
119,6,Sep
120,1,Sep
121,2,Oct
122,3,Oct
123,3,Oct
124,3,Oct
125,1,Oct
126,2,Oct
127,1,Oct
128,1,Oct
129,1,Oct
130,1,Oct
131,3,Oct
132,3,Oct
133,4,Oct
134,4,Oct
135,7,Oct
136,7,Oct
137,6,Oct
138,5,Oct
139,3,Oct
140,4,Oct
141,4,Oct
142,4,Oct
143,7,Oct
144,6,Oct
145,5,Oct
146,3,Oct
147,4,Oct
148,5,Oct
149,4,Oct
150,7,Oct
151,4,Oct
152,4,Nov
153,4,Nov
154,7,Nov
155,5,Nov
156,3,Nov
157,4,Nov
158,4,Nov
159,3,Nov
160,5,Nov
161,4,Nov
162,4,Nov
163,4,Nov
164,7,Nov
165,7,Nov
166,7,Nov
167,4,Nov
168,7,Nov
169,3,Nov
170,4,Nov
171,7,Nov
172,5,Nov
173,4,Nov
174,7,Nov
175,5,Nov
176,3,Nov
177,7,Nov
178,7,Nov
179,5,Nov
180,3,Nov
181,4,Nov
182,2,Sep
183,2,Sep
184,2,Sep
185,2,Sep
186,2,Sep
187,2,Sep
188,6,Sep
189,5,Sep
190,3,Sep
191,1,Sep
192,1,Sep
193,1,Sep
194,1,Sep
195,1,Sep
196,1,Sep
197,1,Sep
198,1,Sep
199,1,Sep
200,3,Sep
201,4,Sep
202,1,Sep
203,1,Sep
204,2,Sep
205,2,Sep
206,7,Sep
207,6,Sep
208,5,Sep
209,1,Sep
210,4,Sep
211,7,Sep
212,1,Oct
213,3,Oct
214,4,Oct
215,4,Oct
216,1,Oct
217,1,Oct
218,3,Oct
219,4,Oct
220,4,Oct
221,2,Oct
222,2,Oct
223,2,Oct
224,2,Oct
225,6,Oct
226,2,Oct
227,2,Oct
228,2,Oct
229,5,Oct
230,3,Oct
231,7,Oct
232,7,Oct
233,7,Oct
234,5,Oct
235,1,Oct
236,5,Oct
237,5,Oct
238,5,Oct
239,1,Oct
240,2,Oct
241,6,Oct
242,6,Oct
243,6,Nov
244,7,Nov
245,7,Nov
246,7,Nov
247,7,Nov
248,3,Nov
249,4,Nov
250,4,Nov
251,7,Nov
252,7,Nov
253,1,Nov
254,2,Nov
255,2,Nov
256,2,Nov
257,2,Nov
258,3,Nov
259,3,Nov
260,3,Nov
261,4,Nov
262,3,Nov
263,3,Nov
264,4,Nov
265,4,Nov
266,4,Nov
267,4,Nov
268,4,Nov
269,5,Nov
270,4,Nov
271,4,Nov
272,4,Nov
273,6,Sep
274,1,Sep
275,1,Sep
276,1,Sep
277,6,Sep
278,6,Sep
279,2,Sep
280,6,Sep
281,6,Sep
282,6,Sep
283,6,Sep
284,6,Sep
285,6,Sep
286,6,Sep
287,2,Sep
288,2,Sep
289,2,Sep
290,1,Sep
291,1,Sep
292,5,Sep
293,1,Sep
294,2,Sep
295,1,Sep
296,1,Sep
297,2,Sep
298,2,Sep
299,5,Sep
300,1,Sep
301,6,Sep
302,6,Sep
303,1,Oct
304,2,Oct
305,6,Oct
306,1,Oct
307,6,Oct
308,6,Oct
309,6,Oct
310,6,Oct
311,2,Oct
312,2,Oct
313,2,Oct
314,2,Oct
315,5,Oct
316,3,Oct
317,3,Oct
318,3,Oct
319,4,Oct
320,7,Oct
321,6,Oct
322,5,Oct
323,1,Oct
324,7,Oct
325,7,Oct
326,2,Oct
327,2,Oct
328,2,Oct
329,2,Oct
330,7,Oct
331,6,Oct
332,5,Oct
333,7,Oct
334,1,Nov
335,5,Nov
336,5,Nov
337,5,Nov
338,3,Nov
339,4,Nov
340,7,Nov
341,7,Nov
342,7,Nov
343,7,Nov
344,7,Nov
345,5,Nov
346,3,Nov
347,7,Nov
348,3,Nov
349,7,Nov
350,7,Nov
351,7,Nov
352,2,Nov
353,6,Nov
354,6,Nov
355,2,Nov
356,2,Nov
357,4,Nov
358,7,Nov
359,7,Nov
360,7,Nov
361,7,Nov
362,5,Nov
363,4,Nov
364,1,Sep
365,1,Sep
366,1,Sep
367,6,Sep
368,1,Sep
369,5,Sep
370,1,Sep
371,1,Sep
372,6,Sep
373,1,Sep
374,1,Sep
375,1,Sep
376,1,Sep
377,2,Sep
378,2,Sep
379,6,Sep
380,1,Sep
381,6,Sep
382,6,Sep
383,6,Sep
384,5,Sep
385,3,Sep
386,1,Sep
387,7,Sep
388,6,Sep
389,6,Sep
390,2,Sep
391,2,Sep
392,2,Sep
393,2,Sep
394,6,Oct
395,1,Oct
396,1,Oct
397,1,Oct
398,5,Oct
399,1,Oct
400,1,Oct
401,6,Oct
402,2,Oct
403,2,Oct
404,6,Oct
405,5,Oct
406,5,Oct
407,5,Oct
408,1,Oct
409,7,Oct
410,6,Oct
411,6,Oct
412,2,Oct
413,2,Oct
414,2,Oct
415,2,Oct
416,5,Oct
417,2,Oct
418,2,Oct
419,4,Oct
420,4,Oct
421,4,Oct
422,4,Oct
423,7,Oct
424,7,Oct
425,6,Nov
426,6,Nov
427,7,Nov
428,2,Nov
429,3,Nov
430,3,Nov
431,4,Nov
432,7,Nov
433,7,Nov
434,5,Nov
435,3,Nov
436,4,Nov
437,4,Nov
438,4,Nov
439,5,Nov
440,3,Nov
441,3,Nov
442,4,Nov
443,7,Nov
444,5,Nov
445,3,Nov
446,4,Nov
447,7,Nov
448,5,Nov
449,3,Nov
450,4,Nov
451,7,Nov
452,5,Nov
453,3,Nov
454,4,Nov
455,1,Sep
456,1,Sep
457,1,Sep
458,1,Sep
459,1,Sep
460,2,Sep
461,6,Sep
462,6,Sep
463,6,Sep
464,5,Sep
465,1,Sep
466,1,Sep
467,6,Sep
468,1,Sep
469,1,Sep
470,1,Sep
471,6,Sep
472,6,Sep
473,2,Sep
474,1,Sep
475,1,Sep
476,6,Sep
477,6,Sep
478,6,Sep
479,6,Sep
480,1,Sep
481,7,Sep
482,6,Sep
483,2,Sep
484,2,Sep
485,2,Oct
486,2,Oct
487,4,Oct
488,4,Oct
489,7,Oct
490,7,Oct
491,6,Oct
492,6,Oct
493,6,Oct
494,6,Oct
495,6,Oct
496,2,Oct
497,2,Oct
498,2,Oct
499,2,Oct
500,2,Oct
501,2,Oct
502,2,Oct
503,5,Oct
504,1,Oct
505,5,Oct
506,6,Oct
507,6,Oct
508,6,Oct
509,6,Oct
510,6,Oct
511,6,Oct
512,5,Oct
513,1,Oct
514,6,Oct
515,6,Oct
516,6,Nov
517,1,Nov
518,2,Nov
519,5,Nov
520,3,Nov
521,3,Nov
522,4,Nov
523,7,Nov
524,7,Nov
525,5,Nov
526,3,Nov
527,3,Nov
528,4,Nov
529,4,Nov
530,7,Nov
531,3,Nov
532,4,Nov
533,7,Nov
534,4,Nov
535,4,Nov
536,7,Nov
537,7,Nov
538,7,Nov
539,4,Nov
540,7,Nov
541,7,Nov
542,6,Nov
543,5,Nov
544,3,Nov
545,4,Nov
546,6,Sep
547,6,Sep
548,6,Sep
549,1,Sep
550,1,Sep
551,1,Sep
552,6,Sep
553,1,Sep
554,1,Sep
555,1,Sep
556,1,Sep
557,2,Sep
558,2,Sep
559,2,Sep
560,6,Sep
561,6,Sep
562,6,Sep
563,6,Sep
564,6,Sep
565,6,Sep
566,6,Sep
567,6,Sep
568,6,Sep
569,5,Sep
570,6,Sep
571,5,Sep
572,3,Sep
573,1,Sep
574,6,Sep
575,6,Sep
576,5,Oct
577,1,Oct
578,6,Oct
579,5,Oct
580,5,Oct
581,3,Oct
582,1,Oct
583,6,Oct
584,6,Oct
585,6,Oct
586,1,Oct
587,7,Oct
588,5,Oct
589,1,Oct
590,5,Oct
591,1,Oct
592,7,Oct
593,6,Oct
594,6,Oct
595,7,Oct
596,2,Oct
597,6,Oct
598,6,Oct
599,6,Oct
600,1,Oct
601,7,Oct
602,1,Oct
603,1,Oct
604,2,Oct
605,2,Oct
606,2,Oct
607,2,Nov
608,2,Nov
609,2,Nov
610,2,Nov
611,3,Nov
612,3,Nov
613,3,Nov
614,3,Nov
615,7,Nov
616,5,Nov
617,7,Nov
618,6,Nov
619,7,Nov
620,7,Nov
621,7,Nov
622,7,Nov
623,5,Nov
624,7,Nov
625,6,Nov
626,5,Nov
627,7,Nov
628,5,Nov
629,4,Nov
630,4,Nov
631,7,Nov
632,7,Nov
633,1,Nov
634,5,Nov
635,7,Nov
636,7,Nov
637,6,Sep
638,6,Sep
639,6,Sep
640,6,Sep
641,1,Sep
642,1,Sep
643,1,Sep
644,1,Sep
645,6,Sep
646,6,Sep
647,5,Sep
648,5,Sep
649,1,Sep
650,1,Sep
651,7,Sep
652,1,Sep
653,2,Sep
654,6,Sep
655,6,Sep
656,6,Sep
657,6,Sep
658,6,Sep
659,5,Sep
660,1,Sep
661,1,Sep
662,6,Sep
663,1,Sep
664,6,Sep
665,6,Sep
666,6,Sep
667,1,Oct
668,1,Oct
669,6,Oct
670,1,Oct
671,4,Oct
672,4,Oct
673,7,Oct
674,5,Oct
675,1,Oct
676,2,Oct
677,6,Oct
678,6,Oct
679,5,Oct
680,5,Oct
681,3,Oct
682,3,Oct
683,2,Oct
684,2,Oct
685,2,Oct
686,2,Oct
687,7,Oct
688,7,Oct
689,7,Oct
690,7,Oct
691,7,Oct
692,5,Oct
693,5,Oct
694,1,Oct
695,7,Oct
696,1,Oct
697,6,Oct
698,6,Nov
699,7,Nov
700,7,Nov
701,1,Nov
702,7,Nov
703,5,Nov
704,6,Nov
705,6,Nov
706,5,Nov
707,7,Nov
708,5,Nov
709,7,Nov
710,4,Nov
711,7,Nov
712,7,Nov
713,3,Nov
714,3,Nov
715,4,Nov
716,4,Nov
717,5,Nov
718,3,Nov
719,4,Nov
720,5,Nov
721,5,Nov
722,7,Nov
723,5,Nov
724,1,Nov
725,7,Nov
726,1,Nov
727,7,Nov
728,1,Sep
729,1,Sep
730,1,Sep
731,6,Sep
732,6,Sep
733,6,Sep
734,6,Sep
735,1,Sep
736,1,Sep
737,1,Sep
738,6,Sep
739,6,Sep
740,5,Sep
741,1,Sep
742,1,Sep
743,1,Sep
744,1,Sep
745,1,Sep
746,2,Sep
747,2,Sep
748,2,Sep
749,1,Sep
750,1,Sep
751,4,Sep
752,4,Sep
753,1,Sep
754,7,Sep
755,6,Sep
756,6,Sep
757,3,Sep
758,3,Oct
759,5,Oct
760,3,Oct
761,1,Oct
762,1,Oct
763,5,Oct
764,3,Oct
765,3,Oct
766,7,Oct
767,7,Oct
768,7,Oct
769,2,Oct
770,2,Oct
771,2,Oct
772,2,Oct
773,6,Oct
774,5,Oct
775,1,Oct
776,1,Oct
777,5,Oct
778,3,Oct
779,4,Oct
780,7,Oct
781,7,Oct
782,1,Oct
783,7,Oct
784,5,Oct
785,3,Oct
786,3,Oct
787,7,Oct
788,7,Oct
789,7,Nov
790,7,Nov
791,6,Nov
792,5,Nov
793,3,Nov
794,4,Nov
795,4,Nov
796,7,Nov
797,7,Nov
798,1,Nov
799,2,Nov
800,4,Nov
801,4,Nov
802,4,Nov
803,7,Nov
804,6,Nov
805,5,Nov
806,5,Nov
807,7,Nov
808,3,Nov
809,4,Nov
810,4,Nov
811,7,Nov
812,7,Nov
813,7,Nov
814,7,Nov
815,2,Nov
816,2,Nov
817,5,Nov
818,3,Nov
819,6,Sep
820,6,Sep
821,6,Sep
822,5,Sep
823,3,Sep
824,1,Sep
825,1,Sep
826,6,Sep
827,1,Sep
828,1,Sep
829,1,Sep
830,6,Sep
831,1,Sep
832,1,Sep
833,1,Sep
834,6,Sep
835,6,Sep
836,6,Sep
837,6,Sep
838,5,Sep
839,1,Sep
840,1,Sep
841,1,Sep
842,1,Sep
843,1,Sep
844,1,Sep
845,6,Sep
846,1,Sep
847,6,Sep
848,6,Sep
849,6,Oct
850,1,Oct
851,1,Oct
852,2,Oct
853,2,Oct
854,7,Oct
855,7,Oct
856,2,Oct
857,4,Oct
858,3,Oct
859,3,Oct
860,4,Oct
861,4,Oct
862,7,Oct
863,7,Oct
864,6,Oct
865,5,Oct
866,5,Oct
867,3,Oct
868,4,Oct
869,5,Oct
870,3,Oct
871,3,Oct
872,3,Oct
873,3,Oct
874,3,Oct
875,4,Oct
876,5,Oct
877,7,Oct
878,7,Oct
879,7,Oct
880,3,Nov
881,3,Nov
882,4,Nov
883,5,Nov
884,3,Nov
885,3,Nov
886,3,Nov
887,4,Nov
888,7,Nov
889,5,Nov
890,4,Nov
891,7,Nov
892,5,Nov
893,1,Nov
894,7,Nov
895,5,Nov
896,5,Nov
897,7,Nov
898,7,Nov
899,5,Nov
900,4,Nov
901,7,Nov
902,7,Nov
903,4,Nov
904,4,Nov
905,7,Nov
906,5,Nov
907,3,Nov
908,4,Nov
909,5,Nov
910,1,Sep
911,1,Sep
912,1,Sep
913,6,Sep
914,6,Sep
915,6,Sep
916,6,Sep
917,2,Sep
918,2,Sep
919,1,Sep
920,2,Sep
921,6,Sep
922,6,Sep
923,6,Sep
924,1,Sep
925,6,Sep
926,1,Sep
927,2,Sep
928,6,Sep
929,6,Sep
930,6,Sep
931,5,Sep
932,3,Sep
933,1,Sep
934,6,Sep
935,1,Sep
936,7,Sep
937,6,Sep
938,1,Sep
939,1,Sep
940,6,Oct
941,5,Oct
942,1,Oct
943,4,Oct
944,4,Oct
945,1,Oct
946,3,Oct
947,4,Oct
948,4,Oct
949,5,Oct
950,1,Oct
951,5,Oct
952,1,Oct
953,7,Oct
954,1,Oct
955,5,Oct
956,1,Oct
957,2,Oct
958,2,Oct
959,5,Oct
960,3,Oct
961,4,Oct
962,7,Oct
963,6,Oct
964,2,Oct
965,2,Oct
966,6,Oct
967,6,Oct
968,6,Oct
969,6,Oct
970,5,Oct
971,3,Nov
972,7,Nov
973,3,Nov
974,7,Nov
975,7,Nov
976,5,Nov
977,5,Nov
978,5,Nov
979,3,Nov
980,3,Nov
981,4,Nov
982,4,Nov
983,7,Nov
984,5,Nov
985,5,Nov
986,3,Nov
987,3,Nov
988,3,Nov
989,4,Nov
990,4,Nov
991,4,Nov
992,4,Nov
993,3,Nov
994,4,Nov
995,7,Nov
996,3,Nov
997,4,Nov
998,3,Nov
999,4,Nov
1000,4,Nov
1001,6,Sep
1002,1,Sep
1003,2,Sep
1004,6,Sep
1005,6,Sep
1006,1,Sep
1007,1,Sep
1008,2,Sep
1009,6,Sep
1010,1,Sep
1011,6,Sep
1012,6,Sep
1013,6,Sep
1014,5,Sep
1015,3,Sep
1016,3,Sep
1017,1,Sep
1018,7,Sep
1019,1,Sep
1020,1,Sep
1021,1,Sep
1022,5,Sep
1023,3,Sep
1024,4,Sep
1025,5,Sep
1026,1,Sep
1027,1,Sep
1028,6,Sep
1029,6,Sep
1030,1,Sep
1031,1,Oct
1032,1,Oct
1033,7,Oct
1034,5,Oct
1035,1,Oct
1036,1,Oct
1037,6,Oct
1038,6,Oct
1039,6,Oct
1040,6,Oct
1041,6,Oct
1042,6,Oct
1043,1,Oct
1044,1,Oct
1045,1,Oct
1046,7,Oct
1047,6,Oct
1048,5,Oct
1049,3,Oct
1050,7,Oct
1051,6,Oct
1052,1,Oct
1053,1,Oct
1054,3,Oct
1055,3,Oct
1056,4,Oct
1057,4,Oct
1058,7,Oct
1059,4,Oct
1060,7,Oct
1061,7,Oct
1062,7,Nov
1063,7,Nov
1064,7,Nov
1065,1,Nov
1066,5,Nov
1067,3,Nov
1068,4,Nov
1069,4,Nov
1070,7,Nov
1071,3,Nov
1072,4,Nov
1073,4,Nov
1074,4,Nov
1075,7,Nov
1076,7,Nov
1077,7,Nov
1078,3,Nov
1079,2,Nov
1080,4,Nov
1081,4,Nov
1082,7,Nov
1083,7,Nov
1084,3,Nov
1085,3,Nov
1086,3,Nov
1087,7,Nov
1088,5,Nov
1089,5,Nov
1090,1,Nov
1091,4,Nov
1092,2,Sep
1093,6,Sep
1094,6,Sep
1095,1,Sep
1096,1,Sep
1097,6,Sep
1098,6,Sep
1099,6,Sep
1100,6,Sep
1101,6,Sep
1102,1,Sep
1103,1,Sep
1104,1,Sep
1105,1,Sep
1106,6,Sep
1107,6,Sep
1108,1,Sep
1109,6,Sep
1110,1,Sep
1111,1,Sep
1112,2,Sep
1113,6,Sep
1114,5,Sep
1115,6,Sep
1116,5,Sep
1117,3,Sep
1118,3,Sep
1119,1,Sep
1120,7,Sep
1121,7,Sep
1122,6,Oct
1123,5,Oct
1124,1,Oct
1125,1,Oct
1126,5,Oct
1127,5,Oct
1128,4,Oct
1129,7,Oct
1130,6,Oct
1131,5,Oct
1132,3,Oct
1133,3,Oct
1134,4,Oct
1135,7,Oct
1136,5,Oct
1137,3,Oct
1138,2,Oct
1139,1,Oct
1140,1,Oct
1141,7,Oct
1142,7,Oct
1143,7,Oct
1144,6,Oct
1145,6,Oct
1146,6,Oct
1147,6,Oct
1148,6,Oct
1149,2,Oct
1150,2,Oct
1151,2,Oct
1152,2,Oct
1153,2,Nov
1154,5,Nov
1155,5,Nov
1156,3,Nov
1157,7,Nov
1158,5,Nov
1159,7,Nov
1160,7,Nov
1161,2,Nov
1162,2,Nov
1163,3,Nov
1164,4,Nov
1165,4,Nov
1166,4,Nov
1167,7,Nov
1168,4,Nov
1169,4,Nov
1170,7,Nov
1171,7,Nov
1172,5,Nov
1173,1,Nov
1174,5,Nov
1175,5,Nov
1176,3,Nov
1177,4,Nov
1178,4,Nov
1179,7,Nov
1180,7,Nov
1181,7,Nov
1182,5,Nov
1183,1,Sep
1184,6,Sep
1185,5,Sep
1186,6,Sep
1187,6,Sep
1188,6,Sep
1189,6,Sep
1190,6,Sep
1191,6,Sep
1192,5,Sep
1193,1,Sep
1194,6,Sep
1195,6,Sep
1196,6,Sep
1197,6,Sep
1198,6,Sep
1199,6,Sep
1200,5,Sep
1201,1,Sep
1202,1,Sep
1203,5,Sep
1204,5,Sep
1205,1,Sep
1206,2,Sep
1207,6,Sep
1208,6,Sep
1209,5,Sep
1210,1,Sep
1211,1,Sep
1212,1,Sep
1213,4,Oct
1214,1,Oct
1215,1,Oct
1216,1,Oct
1217,2,Oct
1218,2,Oct
1219,6,Oct
1220,6,Oct
1221,5,Oct
1222,5,Oct
1223,3,Oct
1224,3,Oct
1225,3,Oct
1226,7,Oct
1227,7,Oct
1228,5,Oct
1229,1,Oct
1230,7,Oct
1231,4,Oct
1232,7,Oct
1233,7,Oct
1234,7,Oct
1235,6,Oct
1236,1,Oct
1237,4,Oct
1238,4,Oct
1239,4,Oct
1240,4,Oct
1241,3,Oct
1242,1,Oct
1243,2,Oct
1244,2,Nov
1245,5,Nov
1246,5,Nov
1247,5,Nov
1248,3,Nov
1249,4,Nov
1250,7,Nov
1251,7,Nov
1252,7,Nov
1253,7,Nov
1254,7,Nov
1255,5,Nov
1256,3,Nov
1257,3,Nov
1258,4,Nov
1259,7,Nov
1260,7,Nov
1261,7,Nov
1262,7,Nov
1263,7,Nov
1264,5,Nov
1265,5,Nov
1266,3,Nov
1267,2,Nov
1268,5,Nov
1269,5,Nov
1270,3,Nov
1271,3,Nov
1272,3,Nov
1273,4,Nov
1274,1,Sep
1275,6,Sep
1276,5,Sep
1277,1,Sep
1278,1,Sep
1279,1,Sep
1280,1,Sep
1281,1,Sep
1282,5,Sep
1283,3,Sep
1284,1,Sep
1285,6,Sep
1286,6,Sep
1287,6,Sep
1288,1,Sep
1289,6,Sep
1290,6,Sep
1291,1,Sep
1292,1,Sep
1293,7,Sep
1294,1,Sep
1295,6,Sep
1296,1,Sep
1297,1,Sep
1298,1,Sep
1299,5,Sep
1300,5,Sep
1301,3,Sep
1302,1,Sep
1303,2,Sep
1304,7,Oct
1305,5,Oct
1306,1,Oct
1307,1,Oct
1308,1,Oct
1309,7,Oct
1310,6,Oct
1311,1,Oct
1312,3,Oct
1313,1,Oct
1314,2,Oct
1315,3,Oct
1316,4,Oct
1317,7,Oct
1318,6,Oct
1319,6,Oct
1320,5,Oct
1321,1,Oct
1322,7,Oct
1323,6,Oct
1324,5,Oct
1325,1,Oct
1326,7,Oct
1327,7,Oct
1328,7,Oct
1329,2,Oct
1330,3,Oct
1331,4,Oct
1332,3,Oct
1333,3,Oct
1334,3,Oct
1335,3,Nov
1336,7,Nov
1337,5,Nov
1338,7,Nov
1339,5,Nov
1340,3,Nov
1341,4,Nov
1342,7,Nov
1343,7,Nov
1344,7,Nov
1345,7,Nov
1346,7,Nov
1347,5,Nov
1348,5,Nov
1349,5,Nov
1350,7,Nov
1351,5,Nov
1352,4,Nov
1353,5,Nov
1354,3,Nov
1355,4,Nov
1356,7,Nov
1357,7,Nov
1358,1,Nov
1359,2,Nov
1360,7,Nov
1361,5,Nov
1362,5,Nov
1363,3,Nov
1364,7,Nov
1365,1,Sep
1366,1,Sep
1367,2,Sep
1368,2,Sep
1369,2,Sep
1370,1,Sep
1371,1,Sep
1372,1,Sep
1373,1,Sep
1374,1,Sep
1375,1,Sep
1376,7,Sep
1377,1,Sep
1378,1,Sep
1379,6,Sep
1380,6,Sep
1381,1,Sep
1382,1,Sep
1383,1,Sep
1384,6,Sep
1385,6,Sep
1386,2,Sep
1387,2,Sep
1388,2,Sep
1389,5,Sep
1390,5,Sep
1391,5,Sep
1392,3,Sep
1393,3,Sep
1394,4,Sep
1395,4,Oct
1396,4,Oct
1397,4,Oct
1398,2,Oct
1399,4,Oct
1400,1,Oct
1401,6,Oct
1402,6,Oct
1403,5,Oct
1404,1,Oct
1405,2,Oct
1406,6,Oct
1407,6,Oct
1408,2,Oct
1409,2,Oct
1410,2,Oct
1411,2,Oct
1412,2,Oct
1413,5,Oct
1414,5,Oct
1415,2,Oct
1416,2,Oct
1417,3,Oct
1418,1,Oct
1419,3,Oct
1420,3,Oct
1421,4,Oct
1422,7,Oct
1423,5,Oct
1424,1,Oct
1425,5,Oct
1426,3,Nov
1427,3,Nov
1428,7,Nov
1429,6,Nov
1430,5,Nov
1431,5,Nov
1432,4,Nov
1433,7,Nov
1434,1,Nov
1435,4,Nov
1436,7,Nov
1437,7,Nov
1438,7,Nov
1439,6,Nov
1440,1,Nov
1441,7,Nov
1442,2,Nov
1443,5,Nov
1444,1,Nov
1445,7,Nov
1446,5,Nov
1447,3,Nov
1448,4,Nov
1449,4,Nov
1450,4,Nov
1451,4,Nov
1452,7,Nov
1453,5,Nov
1454,3,Nov
1455,7,Nov
1456,1,Sep
1457,1,Sep
1458,2,Sep
1459,6,Sep
1460,6,Sep
1461,6,Sep
1462,1,Sep
1463,1,Sep
1464,1,Sep
1465,2,Sep
1466,6,Sep
1467,6,Sep
1468,1,Sep
1469,1,Sep
1470,1,Sep
1471,6,Sep
1472,1,Sep
1473,1,Sep
1474,2,Sep
1475,2,Sep
1476,1,Sep
1477,5,Sep
1478,1,Sep
1479,6,Sep
1480,2,Sep
1481,5,Sep
1482,1,Sep
1483,1,Sep
1484,6,Sep
1485,6,Sep
1486,6,Oct
1487,1,Oct
1488,1,Oct
1489,5,Oct
1490,5,Oct
1491,5,Oct
1492,5,Oct
1493,1,Oct
1494,1,Oct
1495,6,Oct
1496,6,Oct
1497,1,Oct
1498,6,Oct
1499,5,Oct
1500,3,Oct
1501,4,Oct
1502,7,Oct
1503,6,Oct
1504,6,Oct
1505,5,Oct
1506,5,Oct
1507,5,Oct
1508,6,Oct
1509,5,Oct
1510,1,Oct
1511,5,Oct
1512,5,Oct
1513,3,Oct
1514,4,Oct
1515,7,Oct
1516,7,Oct
1517,7,Nov
1518,5,Nov
1519,5,Nov
1520,4,Nov
1521,4,Nov
1522,7,Nov
1523,5,Nov
1524,3,Nov
1525,4,Nov
1526,7,Nov
1527,5,Nov
1528,3,Nov
1529,7,Nov
1530,3,Nov
1531,3,Nov
1532,3,Nov
1533,4,Nov
1534,7,Nov
1535,7,Nov
1536,4,Nov
1537,3,Nov
1538,4,Nov
1539,4,Nov
1540,7,Nov
1541,7,Nov
1542,4,Nov
1543,5,Nov
1544,3,Nov
1545,3,Nov
1546,4,Nov
1547,2,Sep
1548,2,Sep
1549,1,Sep
1550,6,Sep
1551,6,Sep
1552,2,Sep
1553,1,Sep
1554,5,Sep
1555,1,Sep
1556,1,Sep
1557,1,Sep
1558,1,Sep
1559,3,Sep
1560,3,Sep
1561,1,Sep
1562,5,Sep
1563,1,Sep
1564,2,Sep
1565,2,Sep
1566,1,Sep
1567,1,Sep
1568,3,Sep
1569,4,Sep
1570,1,Sep
1571,1,Sep
1572,7,Sep
1573,6,Sep
1574,5,Sep
1575,1,Sep
1576,6,Sep
1577,6,Oct
1578,6,Oct
1579,1,Oct
1580,2,Oct
1581,6,Oct
1582,6,Oct
1583,2,Oct
1584,2,Oct
1585,3,Oct
1586,3,Oct
1587,7,Oct
1588,7,Oct
1589,6,Oct
1590,1,Oct
1591,7,Oct
1592,7,Oct
1593,7,Oct
1594,5,Oct
1595,3,Oct
1596,2,Oct
1597,2,Oct
1598,2,Oct
1599,5,Oct
1600,5,Oct
1601,1,Oct
1602,7,Oct
1603,7,Oct
1604,1,Oct
1605,4,Oct
1606,5,Oct
1607,4,Oct
1608,3,Nov
1609,3,Nov
1610,4,Nov
1611,7,Nov
1612,7,Nov
1613,6,Nov
1614,5,Nov
1615,5,Nov
1616,3,Nov
1617,3,Nov
1618,4,Nov
1619,7,Nov
1620,7,Nov
1621,7,Nov
1622,7,Nov
1623,7,Nov
1624,7,Nov
1625,7,Nov
1626,4,Nov
1627,4,Nov
1628,4,Nov
1629,4,Nov
1630,4,Nov
1631,7,Nov
1632,7,Nov
1633,3,Nov
1634,4,Nov
1635,7,Nov
1636,7,Nov
1637,7,Nov
1638,6,Sep
1639,6,Sep
1640,1,Sep
1641,2,Sep
1642,1,Sep
1643,6,Sep
1644,1,Sep
1645,2,Sep
1646,2,Sep
1647,2,Sep
1648,5,Sep
1649,1,Sep
1650,1,Sep
1651,1,Sep
1652,1,Sep
1653,1,Sep
1654,5,Sep
1655,1,Sep
1656,1,Sep
1657,1,Sep
1658,1,Sep
1659,6,Sep
1660,1,Sep
1661,1,Sep
1662,3,Sep
1663,1,Sep
1664,1,Sep
1665,5,Sep
1666,3,Sep
1667,3,Sep
1668,4,Oct
1669,4,Oct
1670,1,Oct
1671,6,Oct
1672,6,Oct
1673,1,Oct
1674,7,Oct
1675,6,Oct
1676,6,Oct
1677,6,Oct
1678,7,Oct
1679,6,Oct
1680,6,Oct
1681,6,Oct
1682,2,Oct
1683,2,Oct
1684,2,Oct
1685,2,Oct
1686,2,Oct
1687,4,Oct
1688,4,Oct
1689,4,Oct
1690,4,Oct
1691,4,Oct
1692,3,Oct
1693,7,Oct
1694,3,Oct
1695,4,Oct
1696,4,Oct
1697,7,Oct
1698,5,Oct
1699,5,Nov
1700,3,Nov
1701,3,Nov
1702,3,Nov
1703,7,Nov
1704,7,Nov
1705,2,Nov
1706,3,Nov
1707,3,Nov
1708,3,Nov
1709,4,Nov
1710,4,Nov
1711,4,Nov
1712,3,Nov
1713,4,Nov
1714,4,Nov
1715,4,Nov
1716,7,Nov
1717,7,Nov
1718,4,Nov
1719,5,Nov
1720,3,Nov
1721,3,Nov
1722,4,Nov
1723,7,Nov
1724,4,Nov
1725,4,Nov
1726,7,Nov
1727,4,Nov
1728,4,Nov
1729,1,Sep
1730,1,Sep
1731,1,Sep
1732,1,Sep
1733,1,Sep
1734,1,Sep
1735,1,Sep
1736,3,Sep
1737,4,Sep
1738,4,Sep
1739,1,Sep
1740,1,Sep
1741,1,Sep
1742,6,Sep
1743,6,Sep
1744,1,Sep
1745,1,Sep
1746,2,Sep
1747,1,Sep
1748,1,Sep
1749,1,Sep
1750,1,Sep
1751,2,Sep
1752,6,Sep
1753,6,Sep
1754,6,Sep
1755,1,Sep
1756,1,Sep
1757,1,Sep
1758,1,Sep
1759,3,Oct
1760,1,Oct
1761,1,Oct
1762,7,Oct
1763,6,Oct
1764,6,Oct
1765,6,Oct
1766,1,Oct
1767,2,Oct
1768,2,Oct
1769,2,Oct
1770,2,Oct
1771,2,Oct
1772,3,Oct
1773,1,Oct
1774,7,Oct
1775,6,Oct
1776,6,Oct
1777,1,Oct
1778,1,Oct
1779,4,Oct
1780,4,Oct
1781,7,Oct
1782,7,Oct
1783,7,Oct
1784,7,Oct
1785,6,Oct
1786,1,Oct
1787,4,Oct
1788,4,Oct
1789,4,Oct
1790,4,Nov
1791,4,Nov
1792,4,Nov
1793,4,Nov
1794,4,Nov
1795,4,Nov
1796,4,Nov
1797,7,Nov
1798,7,Nov
1799,5,Nov
1800,5,Nov
1801,7,Nov
1802,7,Nov
1803,7,Nov
1804,3,Nov
1805,4,Nov
1806,3,Nov
1807,7,Nov
1808,7,Nov
1809,5,Nov
1810,4,Nov
1811,7,Nov
1812,7,Nov
1813,4,Nov
1814,7,Nov
1815,3,Nov
1816,4,Nov
1817,4,Nov
1818,7,Nov
1819,5,Nov
1820,6,Sep
1821,2,Sep
1822,2,Sep
1823,2,Sep
1824,6,Sep
1825,6,Sep
1826,1,Sep
1827,1,Sep
1828,1,Sep
1829,5,Sep
1830,1,Sep
1831,6,Sep
1832,6,Sep
1833,6,Sep
1834,6,Sep
1835,2,Sep
1836,1,Sep
1837,1,Sep
1838,6,Sep
1839,1,Sep
1840,2,Sep
1841,2,Sep
1842,4,Sep
1843,1,Sep
1844,1,Sep
1845,6,Sep
1846,6,Sep
1847,6,Sep
1848,6,Sep
1849,3,Sep
1850,1,Oct
1851,7,Oct
1852,6,Oct
1853,1,Oct
1854,1,Oct
1855,1,Oct
1856,7,Oct
1857,6,Oct
1858,6,Oct
1859,6,Oct
1860,1,Oct
1861,7,Oct
1862,5,Oct
1863,1,Oct
1864,7,Oct
1865,6,Oct
1866,1,Oct
1867,3,Oct
1868,7,Oct
1869,5,Oct
1870,1,Oct
1871,3,Oct
1872,3,Oct
1873,4,Oct
1874,4,Oct
1875,5,Oct
1876,7,Oct
1877,7,Oct
1878,7,Oct
1879,6,Oct
1880,6,Oct
1881,7,Nov
1882,5,Nov
1883,3,Nov
1884,4,Nov
1885,7,Nov
1886,7,Nov
1887,4,Nov
1888,4,Nov
1889,7,Nov
1890,1,Nov
1891,4,Nov
1892,7,Nov
1893,7,Nov
1894,3,Nov
1895,4,Nov
1896,4,Nov
1897,4,Nov
1898,7,Nov
1899,7,Nov
1900,5,Nov
1901,7,Nov
1902,6,Nov
1903,6,Nov
1904,5,Nov
1905,7,Nov
1906,5,Nov
1907,3,Nov
1908,4,Nov
1909,7,Nov
1910,4,Nov
1911,6,Sep
1912,6,Sep
1913,1,Sep
1914,1,Sep
1915,2,Sep
1916,6,Sep
1917,6,Sep
1918,6,Sep
1919,6,Sep
1920,6,Sep
1921,6,Sep
1922,6,Sep
1923,1,Sep
1924,1,Sep
1925,3,Sep
1926,3,Sep
1927,1,Sep
1928,1,Sep
1929,5,Sep
1930,5,Sep
1931,1,Sep
1932,1,Sep
1933,5,Sep
1934,1,Sep
1935,1,Sep
1936,1,Sep
1937,1,Sep
1938,2,Sep
1939,7,Sep
1940,6,Sep
1941,6,Oct
1942,1,Oct
1943,1,Oct
1944,1,Oct
1945,1,Oct
1946,1,Oct
1947,1,Oct
1948,4,Oct
1949,2,Oct
1950,4,Oct
1951,4,Oct
1952,7,Oct
1953,7,Oct
1954,6,Oct
1955,1,Oct
1956,2,Oct
1957,2,Oct
1958,2,Oct
1959,4,Oct
1960,7,Oct
1961,1,Oct
1962,7,Oct
1963,6,Oct
1964,6,Oct
1965,6,Oct
1966,6,Oct
1967,2,Oct
1968,2,Oct
1969,4,Oct
1970,2,Oct
1971,2,Oct
1972,2,Nov
1973,2,Nov
1974,2,Nov
1975,4,Nov
1976,4,Nov
1977,4,Nov
1978,2,Nov
1979,2,Nov
1980,5,Nov
1981,3,Nov
1982,4,Nov
1983,2,Nov
1984,2,Nov
1985,3,Nov
1986,4,Nov
1987,4,Nov
1988,3,Nov
1989,4,Nov
1990,4,Nov
1991,3,Nov
1992,4,Nov
1993,4,Nov
1994,4,Nov
1995,7,Nov
1996,7,Nov
1997,5,Nov
1998,3,Nov
1999,4,Nov
2000,4,Nov
2001,4,Nov
2002,1,Sep
2003,1,Sep
2004,6,Sep
2005,1,Sep
2006,1,Sep
2007,6,Sep
2008,6,Sep
2009,6,Sep
2010,6,Sep
2011,6,Sep
2012,1,Sep
2013,2,Sep
2014,2,Sep
2015,2,Sep
2016,2,Sep
2017,2,Sep
2018,2,Sep
2019,2,Sep
2020,2,Sep
2021,5,Sep
2022,5,Sep
2023,1,Sep
2024,1,Sep
2025,1,Sep
2026,3,Sep
2027,1,Sep
2028,1,Sep
2029,2,Sep
2030,2,Sep
2031,2,Sep
2032,2,Oct
2033,1,Oct
2034,1,Oct
2035,1,Oct
2036,5,Oct
2037,3,Oct
2038,4,Oct
2039,7,Oct
2040,7,Oct
2041,6,Oct
2042,6,Oct
2043,6,Oct
2044,6,Oct
2045,5,Oct
2046,1,Oct
2047,5,Oct
2048,3,Oct
2049,7,Oct
2050,5,Oct
2051,5,Oct
2052,7,Oct
2053,1,Oct
2054,5,Oct
2055,5,Oct
2056,3,Oct
2057,3,Oct
2058,4,Oct
2059,7,Oct
2060,7,Oct
2061,7,Oct
2062,7,Oct
2063,6,Nov
2064,5,Nov
2065,7,Nov
2066,7,Nov
2067,4,Nov
2068,4,Nov
2069,4,Nov
2070,7,Nov
2071,4,Nov
2072,4,Nov
2073,4,Nov
2074,7,Nov
2075,7,Nov
2076,7,Nov
2077,7,Nov
2078,1,Nov
2079,7,Nov
2080,7,Nov
2081,5,Nov
2082,3,Nov
2083,4,Nov
2084,7,Nov
2085,5,Nov
2086,5,Nov
2087,5,Nov
2088,7,Nov
2089,7,Nov
2090,7,Nov
2091,6,Nov
2092,5,Nov
2093,6,Sep
2094,6,Sep
2095,6,Sep
2096,1,Sep
2097,1,Sep
2098,6,Sep
2099,6,Sep
2100,6,Sep
2101,6,Sep
2102,1,Sep
2103,3,Sep
2104,4,Sep
2105,1,Sep
2106,6,Sep
2107,6,Sep
2108,1,Sep
2109,1,Sep
2110,2,Sep
2111,6,Sep
2112,6,Sep
2113,5,Sep
2114,6,Sep
2115,1,Sep
2116,6,Sep
2117,6,Sep
2118,6,Sep
2119,5,Sep
2120,1,Sep
2121,6,Sep
2122,6,Sep
2123,6,Oct
2124,1,Oct
2125,1,Oct
2126,6,Oct
2127,1,Oct
2128,6,Oct
2129,1,Oct
2130,2,Oct
2131,6,Oct
2132,6,Oct
2133,6,Oct
2134,6,Oct
2135,1,Oct
2136,1,Oct
2137,2,Oct
2138,3,Oct
2139,3,Oct
2140,4,Oct
2141,5,Oct
2142,4,Oct
2143,4,Oct
2144,7,Oct
2145,7,Oct
2146,7,Oct
2147,7,Oct
2148,5,Oct
2149,4,Oct
2150,7,Oct
2151,7,Oct
2152,4,Oct
2153,4,Oct
2154,4,Nov
2155,4,Nov
2156,4,Nov
2157,4,Nov
2158,7,Nov
2159,3,Nov
2160,4,Nov
2161,7,Nov
2162,5,Nov
2163,5,Nov
2164,5,Nov
2165,5,Nov
2166,3,Nov
2167,4,Nov
2168,5,Nov
2169,2,Nov
2170,3,Nov
2171,4,Nov
2172,7,Nov
2173,7,Nov
2174,5,Nov
2175,3,Nov
2176,4,Nov
2177,4,Nov
2178,7,Nov
2179,7,Nov
2180,4,Nov
2181,4,Nov
2182,4,Nov
2183,3,Nov
2184,6,Sep
2185,6,Sep
2186,6,Sep
2187,1,Sep
2188,1,Sep
2189,2,Sep
2190,1,Sep
2191,2,Sep
2192,2,Sep
2193,2,Sep
2194,2,Sep
2195,6,Sep
2196,6,Sep
2197,6,Sep
2198,6,Sep
2199,6,Sep
2200,6,Sep
2201,2,Sep
2202,5,Sep
2203,6,Sep
2204,6,Sep
2205,6,Sep
2206,5,Sep
2207,1,Sep
2208,5,Sep
2209,5,Sep
2210,5,Sep
2211,3,Sep
2212,3,Sep
2213,1,Sep
2214,1,Oct
2215,3,Oct
2216,7,Oct
2217,5,Oct
2218,3,Oct
2219,1,Oct
2220,7,Oct
2221,6,Oct
2222,6,Oct
2223,2,Oct
2224,2,Oct
2225,1,Oct
2226,1,Oct
2227,5,Oct
2228,3,Oct
2229,4,Oct
2230,7,Oct
2231,1,Oct
2232,4,Oct
2233,7,Oct
2234,3,Oct
2235,3,Oct
2236,4,Oct
2237,4,Oct
2238,7,Oct
2239,5,Oct
2240,5,Oct
2241,3,Oct
2242,3,Oct
2243,1,Oct
2244,6,Oct
2245,6,Nov
2246,6,Nov
2247,6,Nov
2248,6,Nov
2249,5,Nov
2250,1,Nov
2251,1,Nov
2252,7,Nov
2253,7,Nov
2254,7,Nov
2255,7,Nov
2256,5,Nov
2257,3,Nov
2258,4,Nov
2259,4,Nov
2260,7,Nov
2261,7,Nov
2262,5,Nov
2263,5,Nov
2264,3,Nov
2265,4,Nov
2266,2,Nov
2267,7,Nov
2268,5,Nov
2269,4,Nov
2270,5,Nov
2271,5,Nov
2272,5,Nov
2273,3,Nov
2274,4,Nov
2275,1,Sep
2276,6,Sep
2277,6,Sep
2278,6,Sep
2279,6,Sep
2280,6,Sep
2281,6,Sep
2282,2,Sep
2283,1,Sep
2284,1,Sep
2285,6,Sep
2286,6,Sep
2287,6,Sep
2288,6,Sep
2289,6,Sep
2290,6,Sep
2291,1,Sep
2292,1,Sep
2293,2,Sep
2294,2,Sep
2295,6,Sep
2296,6,Sep
2297,6,Sep
2298,6,Sep
2299,6,Sep
2300,1,Sep
2301,6,Sep
2302,1,Sep
2303,1,Sep
2304,1,Sep
2305,6,Oct
2306,5,Oct
2307,6,Oct
2308,1,Oct
2309,7,Oct
2310,7,Oct
2311,6,Oct
2312,6,Oct
2313,6,Oct
2314,2,Oct
2315,2,Oct
2316,4,Oct
2317,4,Oct
2318,3,Oct
2319,3,Oct
2320,3,Oct
2321,3,Oct
2322,7,Oct
2323,5,Oct
2324,2,Oct
2325,2,Oct
2326,2,Oct
2327,2,Oct
2328,2,Oct
2329,2,Oct
2330,2,Oct
2331,2,Oct
2332,2,Oct
2333,7,Oct
2334,5,Oct
2335,3,Oct
2336,1,Nov
2337,7,Nov
2338,1,Nov
2339,5,Nov
2340,3,Nov
2341,4,Nov
2342,3,Nov
2343,4,Nov
2344,7,Nov
2345,7,Nov
2346,7,Nov
2347,7,Nov
2348,2,Nov
2349,7,Nov
2350,7,Nov
2351,7,Nov
2352,7,Nov
2353,7,Nov
2354,7,Nov
2355,7,Nov
2356,7,Nov
2357,7,Nov
2358,5,Nov
2359,5,Nov
2360,3,Nov
2361,4,Nov
2362,7,Nov
2363,5,Nov
2364,7,Nov
2365,7,Nov
2366,1,Sep
2367,1,Sep
2368,1,Sep
2369,2,Sep
2370,6,Sep
2371,6,Sep
2372,6,Sep
2373,6,Sep
2374,2,Sep
2375,2,Sep
2376,6,Sep
2377,6,Sep
2378,6,Sep
2379,6,Sep
2380,1,Sep
2381,6,Sep
2382,1,Sep
2383,1,Sep
2384,6,Sep
2385,6,Sep
2386,1,Sep
2387,6,Sep
2388,1,Sep
2389,6,Sep
2390,6,Sep
2391,5,Sep
2392,1,Sep
2393,6,Sep
2394,5,Sep
2395,1,Sep
2396,6,Oct
2397,6,Oct
2398,6,Oct
2399,6,Oct
2400,6,Oct
2401,6,Oct
2402,1,Oct
2403,1,Oct
2404,2,Oct
2405,2,Oct
2406,2,Oct
2407,2,Oct
2408,2,Oct
2409,2,Oct
2410,3,Oct
2411,4,Oct
2412,4,Oct
2413,4,Oct
2414,1,Oct
2415,1,Oct
2416,1,Oct
2417,3,Oct
2418,3,Oct
2419,3,Oct
2420,3,Oct
2421,4,Oct
2422,4,Oct
2423,7,Oct
2424,2,Oct
2425,7,Oct
2426,7,Oct
2427,5,Nov
2428,4,Nov
2429,7,Nov
2430,5,Nov
2431,5,Nov
2432,5,Nov
2433,1,Nov
2434,7,Nov
2435,5,Nov
2436,3,Nov
2437,4,Nov
2438,7,Nov
2439,5,Nov
2440,7,Nov
2441,5,Nov
2442,5,Nov
2443,3,Nov
2444,7,Nov
2445,7,Nov
2446,7,Nov
2447,5,Nov
2448,3,Nov
2449,4,Nov
2450,3,Nov
2451,4,Nov
2452,7,Nov
2453,7,Nov
2454,5,Nov
2455,5,Nov
2456,5,Nov
2457,2,Sep
2458,2,Sep
2459,6,Sep
2460,1,Sep
2461,1,Sep
2462,1,Sep
2463,1,Sep
2464,1,Sep
2465,1,Sep
2466,2,Sep
2467,2,Sep
2468,2,Sep
2469,5,Sep
2470,1,Sep
2471,2,Sep
2472,2,Sep
2473,2,Sep
2474,1,Sep
2475,5,Sep
2476,3,Sep
2477,1,Sep
2478,6,Sep
2479,5,Sep
2480,5,Sep
2481,1,Sep
2482,1,Sep
2483,5,Sep
2484,3,Sep
2485,3,Sep
2486,5,Sep
2487,5,Oct
2488,1,Oct
2489,6,Oct
2490,6,Oct
2491,1,Oct
2492,2,Oct
2493,2,Oct
2494,6,Oct
2495,6,Oct
2496,2,Oct
2497,5,Oct
2498,3,Oct
2499,3,Oct
2500,3,Oct
2501,4,Oct
2502,7,Oct
2503,5,Oct
2504,5,Oct
2505,1,Oct
2506,3,Oct
2507,4,Oct
2508,5,Oct
2509,3,Oct
2510,4,Oct
2511,4,Oct
2512,4,Oct
2513,7,Oct
2514,3,Oct
2515,3,Oct
2516,4,Oct
2517,5,Oct
2518,1,Nov
2519,3,Nov
2520,4,Nov
2521,7,Nov
2522,7,Nov
2523,7,Nov
2524,5,Nov
2525,3,Nov
2526,3,Nov
2527,4,Nov
2528,5,Nov
2529,2,Nov
2530,2,Nov
2531,3,Nov
2532,5,Nov
2533,5,Nov
2534,3,Nov
2535,3,Nov
2536,4,Nov
2537,4,Nov
2538,7,Nov
2539,2,Nov
2540,2,Nov
2541,2,Nov
2542,6,Nov
2543,6,Nov
2544,7,Nov
2545,7,Nov
2546,6,Nov
2547,5,Nov
2548,2,Sep
2549,6,Sep
2550,6,Sep
2551,1,Sep
2552,2,Sep
2553,6,Sep
2554,6,Sep
2555,6,Sep
2556,6,Sep
2557,1,Sep
2558,5,Sep
2559,1,Sep
2560,6,Sep
2561,5,Sep
2562,1,Sep
2563,6,Sep
2564,6,Sep
2565,6,Sep
2566,6,Sep
2567,6,Sep
2568,6,Sep
2569,6,Sep
2570,6,Sep
2571,6,Sep
2572,6,Sep
2573,1,Sep
2574,1,Sep
2575,1,Sep
2576,2,Sep
2577,6,Sep
2578,6,Oct
2579,6,Oct
2580,6,Oct
2581,6,Oct
2582,6,Oct
2583,6,Oct
2584,6,Oct
2585,1,Oct
2586,1,Oct
2587,3,Oct
2588,3,Oct
2589,3,Oct
2590,1,Oct
2591,1,Oct
2592,7,Oct
2593,7,Oct
2594,6,Oct
2595,5,Oct
2596,5,Oct
2597,3,Oct
2598,1,Oct
2599,6,Oct
2600,5,Oct
2601,1,Oct
2602,2,Oct
2603,6,Oct
2604,5,Oct
2605,1,Oct
2606,7,Oct
2607,7,Oct
2608,6,Oct
2609,1,Nov
2610,2,Nov
2611,2,Nov
2612,4,Nov
2613,4,Nov
2614,3,Nov
2615,4,Nov
2616,4,Nov
2617,4,Nov
2618,4,Nov
2619,4,Nov
2620,7,Nov
2621,4,Nov
2622,5,Nov
2623,3,Nov
2624,4,Nov
2625,4,Nov
2626,7,Nov
2627,7,Nov
2628,7,Nov
2629,7,Nov
2630,3,Nov
2631,4,Nov
2632,7,Nov
2633,7,Nov
2634,5,Nov
2635,3,Nov
2636,7,Nov
2637,5,Nov
2638,7,Nov
2639,6,Sep
2640,2,Sep
2641,2,Sep
2642,1,Sep
2643,6,Sep
2644,1,Sep
2645,1,Sep
2646,1,Sep
2647,1,Sep
2648,1,Sep
2649,6,Sep
2650,6,Sep
2651,1,Sep
2652,5,Sep
2653,1,Sep
2654,1,Sep
2655,1,Sep
2656,2,Sep
2657,6,Sep
2658,6,Sep
2659,6,Sep
2660,6,Sep
2661,6,Sep
2662,2,Sep
2663,2,Sep
2664,2,Sep
2665,2,Sep
2666,1,Sep
2667,1,Sep
2668,1,Sep
2669,3,Oct
2670,3,Oct
2671,3,Oct
2672,1,Oct
2673,7,Oct
2674,7,Oct
2675,7,Oct
2676,7,Oct
2677,1,Oct
2678,1,Oct
2679,6,Oct
2680,6,Oct
2681,6,Oct
2682,6,Oct
2683,6,Oct
2684,1,Oct
2685,1,Oct
2686,2,Oct
2687,2,Oct
2688,2,Oct
2689,4,Oct
2690,2,Oct
2691,7,Oct
2692,6,Oct
2693,5,Oct
2694,3,Oct
2695,3,Oct
2696,3,Oct
2697,4,Oct
2698,4,Oct
2699,7,Oct
2700,7,Nov
2701,7,Nov
2702,6,Nov
2703,6,Nov
2704,2,Nov
2705,2,Nov
2706,2,Nov
2707,3,Nov
2708,3,Nov
2709,3,Nov
2710,7,Nov
2711,7,Nov
2712,5,Nov
2713,5,Nov
2714,3,Nov
2715,3,Nov
2716,4,Nov
2717,4,Nov
2718,4,Nov
2719,4,Nov
2720,4,Nov
2721,4,Nov
2722,4,Nov
2723,7,Nov
2724,3,Nov
2725,3,Nov
2726,4,Nov
2727,3,Nov
2728,4,Nov
2729,3,Nov
2730,6,Sep
2731,6,Sep
2732,6,Sep
2733,1,Sep
2734,6,Sep
2735,6,Sep
2736,6,Sep
2737,2,Sep
2738,2,Sep
2739,2,Sep
2740,6,Sep
2741,2,Sep
2742,2,Sep
2743,1,Sep
2744,1,Sep
2745,2,Sep
2746,2,Sep
2747,1,Sep
2748,1,Sep
2749,6,Sep
2750,6,Sep
2751,6,Sep
2752,6,Sep
2753,1,Sep
2754,2,Sep
2755,6,Sep
2756,5,Sep
2757,3,Sep
2758,3,Sep
2759,3,Sep
2760,1,Oct
2761,5,Oct
2762,5,Oct
2763,3,Oct
2764,1,Oct
2765,1,Oct
2766,3,Oct
2767,4,Oct
2768,5,Oct
2769,1,Oct
2770,7,Oct
2771,7,Oct
2772,1,Oct
2773,7,Oct
2774,2,Oct
2775,3,Oct
2776,2,Oct
2777,2,Oct
2778,2,Oct
2779,7,Oct
2780,7,Oct
2781,7,Oct
2782,5,Oct
2783,5,Oct
2784,1,Oct
2785,7,Oct
2786,5,Oct
2787,5,Oct
2788,2,Oct
2789,6,Oct
2790,5,Oct
2791,1,Nov
2792,2,Nov
2793,1,Nov
2794,7,Nov
2795,7,Nov
2796,4,Nov
2797,7,Nov
2798,7,Nov
2799,6,Nov
2800,6,Nov
2801,2,Nov
2802,2,Nov
2803,2,Nov
2804,2,Nov
2805,1,Nov
2806,1,Nov
2807,2,Nov
2808,6,Nov
2809,6,Nov
2810,1,Nov
2811,1,Nov
2812,2,Nov
2813,2,Nov
2814,2,Nov
2815,5,Nov
2816,3,Nov
2817,3,Nov
2818,4,Nov
2819,4,Nov
2820,3,Nov
2821,6,Sep
2822,6,Sep
2823,1,Sep
2824,3,Sep
2825,1,Sep
2826,6,Sep
2827,6,Sep
2828,1,Sep
2829,1,Sep
2830,1,Sep
2831,2,Sep
2832,2,Sep
2833,1,Sep
2834,1,Sep
2835,1,Sep
2836,5,Sep
2837,1,Sep
2838,6,Sep
2839,6,Sep
2840,2,Sep
2841,6,Sep
2842,1,Sep
2843,6,Sep
2844,6,Sep
2845,1,Sep
2846,2,Sep
2847,5,Sep
2848,5,Sep
2849,1,Sep
2850,5,Sep
2851,3,Oct
2852,1,Oct
2853,2,Oct
2854,2,Oct
2855,2,Oct
2856,2,Oct
2857,4,Oct
2858,4,Oct
2859,4,Oct
2860,1,Oct
2861,4,Oct
2862,1,Oct
2863,4,Oct
2864,3,Oct
2865,3,Oct
2866,4,Oct
2867,4,Oct
2868,4,Oct
2869,3,Oct
2870,3,Oct
2871,3,Oct
2872,4,Oct
2873,7,Oct
2874,7,Oct
2875,5,Oct
2876,5,Oct
2877,5,Oct
2878,5,Oct
2879,4,Oct
2880,4,Oct
2881,4,Oct
2882,7,Nov
2883,7,Nov
2884,7,Nov
2885,3,Nov
2886,3,Nov
2887,3,Nov
2888,2,Nov
2889,4,Nov
2890,2,Nov
2891,2,Nov
2892,2,Nov
2893,2,Nov
2894,2,Nov
2895,2,Nov
2896,5,Nov
2897,5,Nov
2898,3,Nov
2899,4,Nov
2900,4,Nov
2901,7,Nov
2902,7,Nov
2903,7,Nov
2904,5,Nov
2905,4,Nov
2906,7,Nov
2907,3,Nov
2908,3,Nov
2909,4,Nov
2910,7,Nov
2911,5,Nov
2912,6,Sep
2913,6,Sep
2914,1,Sep
2915,1,Sep
2916,1,Sep
2917,1,Sep
2918,6,Sep
2919,2,Sep
2920,1,Sep
2921,1,Sep
2922,6,Sep
2923,1,Sep
2924,1,Sep
2925,1,Sep
2926,1,Sep
2927,1,Sep
2928,6,Sep
2929,6,Sep
2930,6,Sep
2931,1,Sep
2932,6,Sep
2933,6,Sep
2934,6,Sep
2935,1,Sep
2936,6,Sep
2937,5,Sep
2938,5,Sep
2939,5,Sep
2940,5,Sep
2941,3,Sep
2942,3,Oct
2943,2,Oct
2944,2,Oct
2945,2,Oct
2946,2,Oct
2947,7,Oct
2948,7,Oct
2949,6,Oct
2950,6,Oct
2951,6,Oct
2952,6,Oct
2953,2,Oct
2954,5,Oct
2955,3,Oct
2956,3,Oct
2957,1,Oct
2958,3,Oct
2959,5,Oct
2960,3,Oct
2961,3,Oct
2962,3,Oct
2963,1,Oct
2964,1,Oct
2965,5,Oct
2966,4,Oct
2967,7,Oct
2968,4,Oct
2969,4,Oct
2970,3,Oct
2971,4,Oct
2972,7,Oct
2973,2,Nov
2974,7,Nov
2975,7,Nov
2976,4,Nov
2977,2,Nov
2978,6,Nov
2979,6,Nov
2980,6,Nov
2981,6,Nov
2982,3,Nov
2983,3,Nov
2984,4,Nov
2985,5,Nov
2986,5,Nov
2987,5,Nov
2988,5,Nov
2989,3,Nov
2990,4,Nov
2991,7,Nov
2992,5,Nov
2993,7,Nov
2994,7,Nov
2995,3,Nov
2996,4,Nov
2997,7,Nov
2998,7,Nov
2999,5,Nov
3000,5,Nov
3001,5,Nov
3002,3,Nov
3003,6,Sep
3004,6,Sep
3005,6,Sep
3006,6,Sep
3007,1,Sep
3008,1,Sep
3009,1,Sep
3010,5,Sep
3011,1,Sep
3012,2,Sep
3013,6,Sep
3014,6,Sep
3015,6,Sep
3016,6,Sep
3017,1,Sep
3018,1,Sep
3019,1,Sep
3020,5,Sep
3021,1,Sep
3022,5,Sep
3023,5,Sep
3024,5,Sep
3025,1,Sep
3026,1,Sep
3027,1,Sep
3028,5,Sep
3029,1,Sep
3030,6,Sep
3031,1,Sep
3032,2,Sep
3033,1,Oct
3034,5,Oct
3035,6,Oct
3036,6,Oct
3037,1,Oct
3038,1,Oct
3039,1,Oct
3040,1,Oct
3041,5,Oct
3042,5,Oct
3043,4,Oct
3044,1,Oct
3045,7,Oct
3046,5,Oct
3047,5,Oct
3048,3,Oct
3049,4,Oct
3050,5,Oct
3051,5,Oct
3052,3,Oct
3053,1,Oct
3054,4,Oct
3055,7,Oct
3056,7,Oct
3057,6,Oct
3058,6,Oct
3059,2,Oct
3060,2,Oct
3061,3,Oct
3062,3,Oct
3063,3,Oct
3064,3,Nov
3065,4,Nov
3066,4,Nov
3067,4,Nov
3068,4,Nov
3069,4,Nov
3070,3,Nov
3071,4,Nov
3072,4,Nov
3073,7,Nov
3074,6,Nov
3075,5,Nov
3076,7,Nov
3077,7,Nov
3078,2,Nov
3079,2,Nov
3080,7,Nov
3081,6,Nov
3082,2,Nov
3083,2,Nov
3084,2,Nov
3085,2,Nov
3086,4,Nov
3087,4,Nov
3088,4,Nov
3089,4,Nov
3090,7,Nov
3091,4,Nov
3092,7,Nov
3093,7,Nov
3094,1,Sep
3095,1,Sep
3096,1,Sep
3097,1,Sep
3098,1,Sep
3099,6,Sep
3100,1,Sep
3101,1,Sep
3102,6,Sep
3103,6,Sep
3104,6,Sep
3105,1,Sep
3106,1,Sep
3107,1,Sep
3108,1,Sep
3109,1,Sep
3110,2,Sep
3111,6,Sep
3112,6,Sep
3113,6,Sep
3114,5,Sep
3115,3,Sep
3116,1,Sep
3117,2,Sep
3118,2,Sep
3119,2,Sep
3120,2,Sep
3121,2,Sep
3122,6,Sep
3123,2,Sep
3124,1,Oct
3125,1,Oct
3126,6,Oct
3127,1,Oct
3128,6,Oct
3129,6,Oct
3130,5,Oct
3131,1,Oct
3132,6,Oct
3133,2,Oct
3134,2,Oct
3135,2,Oct
3136,2,Oct
3137,6,Oct
3138,2,Oct
3139,5,Oct
3140,1,Oct
3141,1,Oct
3142,5,Oct
3143,3,Oct
3144,5,Oct
3145,3,Oct
3146,3,Oct
3147,4,Oct
3148,4,Oct
3149,7,Oct
3150,4,Oct
3151,7,Oct
3152,7,Oct
3153,7,Oct
3154,5,Oct
3155,5,Nov
3156,3,Nov
3157,4,Nov
3158,7,Nov
3159,6,Nov
3160,6,Nov
3161,1,Nov
3162,4,Nov
3163,7,Nov
3164,4,Nov
3165,4,Nov
3166,4,Nov
3167,4,Nov
3168,7,Nov
3169,7,Nov
3170,7,Nov
3171,5,Nov
3172,3,Nov
3173,4,Nov
3174,7,Nov
3175,7,Nov
3176,7,Nov
3177,4,Nov
3178,4,Nov
3179,7,Nov
3180,5,Nov
3181,3,Nov
3182,4,Nov
3183,7,Nov
3184,7,Nov
3185,6,Sep
3186,1,Sep
3187,1,Sep
3188,6,Sep
3189,6,Sep
3190,1,Sep
3191,1,Sep
3192,6,Sep
3193,6,Sep
3194,6,Sep
3195,1,Sep
3196,1,Sep
3197,6,Sep
3198,6,Sep
3199,6,Sep
3200,1,Sep
3201,1,Sep
3202,2,Sep
3203,2,Sep
3204,6,Sep
3205,1,Sep
3206,1,Sep
3207,1,Sep
3208,6,Sep
3209,6,Sep
3210,6,Sep
3211,6,Sep
3212,6,Sep
3213,2,Sep
3214,2,Sep
3215,2,Oct
3216,2,Oct
3217,5,Oct
3218,3,Oct
3219,3,Oct
3220,5,Oct
3221,5,Oct
3222,5,Oct
3223,1,Oct
3224,1,Oct
3225,1,Oct
3226,2,Oct
3227,6,Oct
3228,5,Oct
3229,5,Oct
3230,5,Oct
3231,3,Oct
3232,3,Oct
3233,4,Oct
3234,7,Oct
3235,3,Oct
3236,2,Oct
3237,2,Oct
3238,4,Oct
3239,4,Oct
3240,4,Oct
3241,4,Oct
3242,5,Oct
3243,5,Oct
3244,4,Oct
3245,3,Oct
3246,3,Nov
3247,4,Nov
3248,4,Nov
3249,7,Nov
3250,5,Nov
3251,5,Nov
3252,4,Nov
3253,4,Nov
3254,3,Nov
3255,1,Nov
3256,5,Nov
3257,3,Nov
3258,4,Nov
3259,4,Nov
3260,4,Nov
3261,7,Nov
3262,5,Nov
3263,3,Nov
3264,4,Nov
3265,3,Nov
3266,4,Nov
3267,7,Nov
3268,7,Nov
3269,5,Nov
3270,5,Nov
3271,5,Nov
3272,4,Nov
3273,4,Nov
3274,7,Nov
3275,5,Nov
3276,6,Sep
3277,6,Sep
3278,1,Sep
3279,2,Sep
3280,6,Sep
3281,6,Sep
3282,6,Sep
3283,6,Sep
3284,1,Sep
3285,1,Sep
3286,1,Sep
3287,1,Sep
3288,3,Sep
3289,1,Sep
3290,6,Sep
3291,6,Sep
3292,6,Sep
3293,6,Sep
3294,1,Sep
3295,1,Sep
3296,2,Sep
3297,2,Sep
3298,2,Sep
3299,2,Sep
3300,2,Sep
3301,2,Sep
3302,6,Sep
3303,6,Sep
3304,6,Sep
3305,1,Sep
3306,2,Oct
3307,2,Oct
3308,2,Oct
3309,2,Oct
3310,2,Oct
3311,2,Oct
3312,1,Oct
3313,2,Oct
3314,1,Oct
3315,1,Oct
3316,1,Oct
3317,5,Oct
3318,3,Oct
3319,3,Oct
3320,4,Oct
3321,1,Oct
3322,4,Oct
3323,4,Oct
3324,7,Oct
3325,7,Oct
3326,6,Oct
3327,6,Oct
3328,7,Oct
3329,6,Oct
3330,1,Oct
3331,7,Oct
3332,6,Oct
3333,5,Oct
3334,3,Oct
3335,4,Oct
3336,7,Oct
3337,5,Nov
3338,1,Nov
3339,1,Nov
3340,6,Nov
3341,6,Nov
3342,5,Nov
3343,1,Nov
3344,7,Nov
3345,6,Nov
3346,6,Nov
3347,2,Nov
3348,5,Nov
3349,3,Nov
3350,4,Nov
3351,7,Nov
3352,7,Nov
3353,7,Nov
3354,6,Nov
3355,5,Nov
3356,5,Nov
3357,7,Nov
3358,3,Nov
3359,3,Nov
3360,7,Nov
3361,7,Nov
3362,6,Nov
3363,6,Nov
3364,7,Nov
3365,7,Nov
3366,7,Nov
3367,1,Sep
3368,2,Sep
3369,2,Sep
3370,2,Sep
3371,6,Sep
3372,6,Sep
3373,6,Sep
3374,1,Sep
3375,1,Sep
3376,6,Sep
3377,1,Sep
3378,6,Sep
3379,6,Sep
3380,1,Sep
3381,6,Sep
3382,6,Sep
3383,6,Sep
3384,1,Sep
3385,6,Sep
3386,6,Sep
3387,6,Sep
3388,6,Sep
3389,1,Sep
3390,2,Sep
3391,2,Sep
3392,6,Sep
3393,5,Sep
3394,5,Sep
3395,2,Sep
3396,2,Sep
3397,6,Oct
3398,1,Oct
3399,2,Oct
3400,2,Oct
3401,6,Oct
3402,6,Oct
3403,6,Oct
3404,1,Oct
3405,2,Oct
3406,2,Oct
3407,6,Oct
3408,6,Oct
3409,1,Oct
3410,7,Oct
3411,6,Oct
3412,6,Oct
3413,1,Oct
3414,5,Oct
3415,1,Oct
3416,6,Oct
3417,3,Oct
3418,3,Oct
3419,4,Oct
3420,4,Oct
3421,4,Oct
3422,7,Oct
3423,7,Oct
3424,7,Oct
3425,7,Oct
3426,1,Oct
3427,2,Oct
3428,6,Nov
3429,6,Nov
3430,7,Nov
3431,4,Nov
3432,7,Nov
3433,7,Nov
3434,2,Nov
3435,2,Nov
3436,4,Nov
3437,4,Nov
3438,4,Nov
3439,7,Nov
3440,7,Nov
3441,1,Nov
3442,3,Nov
3443,3,Nov
3444,4,Nov
3445,2,Nov
3446,5,Nov
3447,4,Nov
3448,4,Nov
3449,4,Nov
3450,7,Nov
3451,7,Nov
3452,7,Nov
3453,7,Nov
3454,4,Nov
3455,7,Nov
3456,5,Nov
3457,5,Nov
3458,1,Sep
3459,6,Sep
3460,1,Sep
3461,1,Sep
3462,1,Sep
3463,1,Sep
3464,1,Sep
3465,1,Sep
3466,2,Sep
3467,2,Sep
3468,6,Sep
3469,2,Sep
3470,1,Sep
3471,1,Sep
3472,6,Sep
3473,6,Sep
3474,6,Sep
3475,2,Sep
3476,2,Sep
3477,2,Sep
3478,2,Sep
3479,2,Sep
3480,6,Sep
3481,6,Sep
3482,6,Sep
3483,2,Sep
3484,1,Sep
3485,1,Sep
3486,1,Sep
3487,2,Sep
3488,6,Oct
3489,6,Oct
3490,6,Oct
3491,6,Oct
3492,6,Oct
3493,6,Oct
3494,6,Oct
3495,5,Oct
3496,5,Oct
3497,1,Oct
3498,6,Oct
3499,6,Oct
3500,6,Oct
3501,6,Oct
3502,5,Oct
3503,1,Oct
3504,7,Oct
3505,6,Oct
3506,6,Oct
3507,1,Oct
3508,6,Oct
3509,6,Oct
3510,5,Oct
3511,5,Oct
3512,3,Oct
3513,3,Oct
3514,5,Oct
3515,5,Oct
3516,3,Oct
3517,3,Oct
3518,3,Oct
3519,5,Nov
3520,5,Nov
3521,1,Nov
3522,7,Nov
3523,5,Nov
3524,1,Nov
3525,7,Nov
3526,2,Nov
3527,7,Nov
3528,4,Nov
3529,7,Nov
3530,7,Nov
3531,7,Nov
3532,7,Nov
3533,7,Nov
3534,3,Nov
3535,4,Nov
3536,5,Nov
3537,3,Nov
3538,4,Nov
3539,5,Nov
3540,3,Nov
3541,4,Nov
3542,4,Nov
3543,3,Nov
3544,4,Nov
3545,4,Nov
3546,7,Nov
3547,7,Nov
3548,7,Nov
3549,6,Sep
3550,6,Sep
3551,6,Sep
3552,6,Sep
3553,6,Sep
3554,6,Sep
3555,6,Sep
3556,2,Sep
3557,2,Sep
3558,6,Sep
3559,6,Sep
3560,6,Sep
3561,6,Sep
3562,6,Sep
3563,6,Sep
3564,6,Sep
3565,6,Sep
3566,1,Sep
3567,2,Sep
3568,2,Sep
3569,6,Sep
3570,1,Sep
3571,6,Sep
3572,6,Sep
3573,6,Sep
3574,5,Sep
3575,1,Sep
3576,5,Sep
3577,1,Sep
3578,6,Sep
3579,6,Oct
3580,6,Oct
3581,6,Oct
3582,1,Oct
3583,6,Oct
3584,6,Oct
3585,6,Oct
3586,6,Oct
3587,6,Oct
3588,6,Oct
3589,5,Oct
3590,3,Oct
3591,3,Oct
3592,7,Oct
3593,5,Oct
3594,1,Oct
3595,1,Oct
3596,7,Oct
3597,7,Oct
3598,3,Oct
3599,4,Oct
3600,7,Oct
3601,7,Oct
3602,4,Oct
3603,4,Oct
3604,4,Oct
3605,3,Oct
3606,3,Oct
3607,3,Oct
3608,4,Oct
3609,7,Oct
3610,5,Nov
3611,3,Nov
3612,3,Nov
3613,7,Nov
3614,5,Nov
3615,5,Nov
3616,1,Nov
3617,1,Nov
3618,7,Nov
3619,3,Nov
3620,7,Nov
3621,7,Nov
3622,5,Nov
3623,4,Nov
3624,7,Nov
3625,3,Nov
3626,4,Nov
3627,7,Nov
3628,7,Nov
3629,3,Nov
3630,4,Nov
3631,4,Nov
3632,7,Nov
3633,5,Nov
3634,3,Nov
3635,3,Nov
3636,3,Nov
3637,4,Nov
3638,4,Nov
3639,4,Nov
